{
  "N": 20000,
  "sec": {
    "phase2_ingest": 0.30825759999970614,
    "build_tx": 0.13526600000022881,
    "phase1_validate": 0.06561619999956747,
    "phase1_dag_store": 0.2286788000001252,
    "phase3_route": 0.10856909999984055,
    "phase6_fraud": 0.08151480000014999,
    "phase4_poi": 0.06570860000010725,
    "phase5_audit_cached_2k": 0.004829000000427186,
    "phase5_audit_uncached_500": 0.02193650000026537,
    "phase7_he_50": 2.611499900000126
  },
  "tps": {
    "phase2_ingest": 64880.80099247858,
    "build_tx": 147856.8154596585,
    "phase1_validate": 304802.7773649165,
    "phase1_dag_store": 87458.91617407932,
    "phase3_route": 184214.47723182171,
    "phase6_fraud": 245354.2178839082,
    "phase4_poi": 76093.54026705543
  },
  "valid": true,
  "poi_M": 5000,
  "poi_ok": 5000
}
